{
  "backend": "remix-python/beat-this",
  "audio_path": "references/golden/phase-1/billie_jean.mp3",
  "tempo": 117.10037174721188,
  "time_signature": 4,
  "confidence": 0.9809033023452013,
  "beats": [
    0.34,
    0.84,
    1.36,
    1.9,
    2.4,
    2.92,
    3.42,
    3.94,
    4.46,
    4.98,
    5.48,
    6.0,
    6.5,
    7.02,
    7.52,
    8.04,
    8.54,
    9.06,
    9.58,
    10.1,
    10.6,
    11.12,
    11.62,
    12.14,
    12.64,
    13.16,
    13.68,
    14.2,
    14.7,
    15.22,
    15.72,
    16.24,
    16.76,
    17.28,
    17.8,
    18.3,
    18.82,
    19.34,
    19.84,
    20.36,
    20.86,
    21.38,
    21.9,
    22.42,
    22.92,
    23.44,
    23.96,
    24.46,
    24.98,
    25.5,
    26.0,
    26.52,
    27.02,
    27.54,
    28.06,
    28.56,
    29.08,
    29.6,
    30.1,
    30.6,
    31.12,
    31.64,
    32.14,
    32.66,
    33.16,
    33.68,
    34.2,
    34.7,
    35.22,
    35.74,
    36.26,
    36.78,
    37.28,
    37.8,
    38.32,
    38.84,
    39.34,
    39.84,
    40.36,
    40.88,
    41.38,
    41.9,
    42.4,
    42.92,
    43.44,
    43.94,
    44.46,
    44.98,
    45.48,
    46.0,
    46.52,
    47.04,
    47.54,
    48.06,
    48.56,
    49.08,
    49.6,
    50.1,
    50.62,
    51.14,
    51.64,
    52.16,
    52.68,
    53.2,
    53.7,
    54.22,
    54.74,
    55.24,
    55.76,
    56.28,
    56.78,
    57.3,
    57.8,
    58.32,
    58.82,
    59.34,
    59.84,
    60.36,
    60.88,
    61.4,
    61.9,
    62.42,
    62.94,
    63.44,
    63.96,
    64.46,
    64.98,
    65.5,
    66.0,
    66.52,
    67.04,
    67.56,
    68.06,
    68.58,
    69.1,
    69.6,
    70.12,
    70.64,
    71.14,
    71.66,
    72.18,
    72.68,
    73.2,
    73.7,
    74.22,
    74.72,
    75.24,
    75.74,
    76.26,
    76.76,
    77.28,
    77.8,
    78.32,
    78.84,
    79.36,
    79.88,
    80.38,
    80.9,
    81.42,
    81.94,
    82.44,
    82.96,
    83.48,
    83.98,
    84.5,
    85.0,
    85.52,
    86.02,
    86.52,
    87.04,
    87.54,
    88.06,
    88.56,
    89.08,
    89.6,
    90.1,
    90.6,
    91.12,
    91.62,
    92.14,
    92.66,
    93.18,
    93.7,
    94.22,
    94.72,
    95.24,
    95.74,
    96.26,
    96.76,
    97.28,
    97.8,
    98.3,
    98.82,
    99.34,
    99.84,
    100.36,
    100.88,
    101.38,
    101.9,
    102.42,
    102.94,
    103.44,
    103.96,
    104.46,
    104.98,
    105.48,
    106.0,
    106.52,
    107.02,
    107.54,
    108.06,
    108.56,
    109.08,
    109.6,
    110.1,
    110.62,
    111.12,
    111.64,
    112.16,
    112.66,
    113.18,
    113.7,
    114.2,
    114.72,
    115.22,
    115.74,
    116.24,
    116.76,
    117.28,
    117.8,
    118.3,
    118.82,
    119.32,
    119.84,
    120.34,
    120.86,
    121.38,
    121.88,
    122.4,
    122.92,
    123.42,
    123.94,
    124.46,
    124.96,
    125.48,
    126.0,
    126.5,
    127.02,
    127.54,
    128.04,
    128.56,
    129.06,
    129.58,
    130.1,
    130.6,
    131.12,
    131.64,
    132.14,
    132.64,
    133.16,
    133.68,
    134.2,
    134.7,
    135.22,
    135.72,
    136.24,
    136.74,
    137.26,
    137.78,
    138.3,
    138.8,
    139.32,
    139.82,
    140.32,
    140.84,
    141.36,
    141.86,
    142.38,
    142.9,
    143.42,
    143.92,
    144.44,
    144.96,
    145.46,
    145.98,
    146.48,
    146.98,
    147.5,
    148.02,
    148.52,
    149.04,
    149.54,
    150.06,
    150.58,
    151.08,
    151.6,
    152.1,
    152.62,
    153.14,
    153.64,
    154.16,
    154.68,
    155.2,
    155.7,
    156.22,
    156.74,
    157.24,
    157.76,
    158.28,
    158.78,
    159.3,
    159.82,
    160.32,
    160.84,
    161.36,
    161.86,
    162.38,
    162.88,
    163.4,
    163.92,
    164.42,
    164.94,
    165.46,
    165.96,
    166.46,
    166.98,
    167.5,
    168.0,
    168.5,
    169.02,
    169.52,
    170.04,
    170.54,
    171.06,
    171.56,
    172.08,
    172.58,
    173.1,
    173.6,
    174.12,
    174.62,
    175.14,
    175.66,
    176.18,
    176.7,
    177.2,
    177.7,
    178.22,
    178.72,
    179.24,
    179.74,
    180.26,
    180.78,
    181.28,
    181.8,
    182.32,
    182.82,
    183.34,
    183.86,
    184.36,
    184.88,
    185.38,
    185.9,
    186.4,
    186.92,
    187.42,
    187.94,
    188.46,
    188.96,
    189.48,
    189.98,
    190.5,
    191.0,
    191.52,
    192.04,
    192.56,
    193.08,
    193.58,
    194.08,
    194.6,
    195.12,
    195.62,
    196.14,
    196.64,
    197.16,
    197.66,
    198.18,
    198.7,
    199.2,
    199.72,
    200.24,
    200.74,
    201.26,
    201.78,
    202.28,
    202.8,
    203.3,
    203.82,
    204.32,
    204.84,
    205.36,
    205.86,
    206.38,
    206.9,
    207.4,
    207.92,
    208.42,
    208.94,
    209.44,
    209.96,
    210.48,
    211.0,
    211.5,
    212.02,
    212.52,
    213.04,
    213.56,
    214.06,
    214.58,
    215.1,
    215.6,
    216.12,
    216.64,
    217.14,
    217.66,
    218.16,
    218.68,
    219.18,
    219.7,
    220.22,
    220.72,
    221.24,
    221.74,
    222.26,
    222.78,
    223.28,
    223.8,
    224.3,
    224.82,
    225.34,
    225.84,
    226.36,
    226.86,
    227.38,
    227.88,
    228.4,
    228.9,
    229.42,
    229.92,
    230.44,
    230.96,
    231.48,
    231.98,
    232.5,
    233.0,
    233.52,
    234.02,
    234.54,
    235.04,
    235.56,
    236.06,
    236.58,
    237.1,
    237.6,
    238.12,
    238.62,
    239.14,
    239.64,
    240.16,
    240.68,
    241.18,
    241.7,
    242.22,
    242.74,
    243.24,
    243.76,
    244.26,
    244.78,
    245.28,
    245.8,
    246.32,
    246.82,
    247.34,
    247.84,
    248.36,
    248.88,
    249.38,
    249.9,
    250.4,
    250.92,
    251.44,
    251.94,
    252.44,
    252.96,
    253.48,
    253.98,
    254.5,
    255.02,
    255.52,
    256.04,
    256.56,
    257.06,
    257.58,
    258.1,
    258.6,
    259.12,
    259.64,
    260.14,
    260.64,
    261.16,
    261.68,
    262.18,
    262.7,
    263.2,
    263.72,
    264.24,
    264.74,
    265.24,
    265.76,
    266.28,
    266.78,
    267.3,
    267.8,
    268.32,
    268.82,
    269.34,
    269.86,
    270.36,
    270.88,
    271.4,
    271.9,
    272.42,
    272.92,
    273.44,
    273.94,
    274.46,
    274.96,
    275.48,
    275.98,
    276.5,
    277.02,
    277.54,
    278.04,
    278.56,
    279.06,
    279.58,
    280.08,
    280.6,
    281.12,
    281.62,
    282.14,
    282.66,
    283.16,
    283.68,
    284.18,
    284.7,
    285.2,
    285.72,
    286.24,
    286.74,
    287.26,
    287.76,
    288.28,
    288.8,
    289.3,
    289.82,
    290.34,
    290.86
  ],