{"backend": "reamix-cpp", "audio_path": "references/golden/phase-1/billie_jean.mp3", "source_rate": 44100, "duration": 293.82666015625, "tempo": 117.128074645996094, "time_signature": 4, "confidence": 0.991197168827057, "beats": [0.333786845207214, 0.812698423862457, 1.378684759140015, 1.912743806838989, 2.397460222244263, 2.920000076293945, 3.395918369293213, 3.927074909210205, 4.452426433563232, 4.934240341186523, 5.474104404449463, 6.019773006439209, 6.495782375335693, 7.026938915252686, 7.491337776184082, 8.068934440612793, 8.518820762634277, 9.047075271606445, 9.578230857849121, 10.074558258056641, 10.599908828735352, 11.099138259887695, 11.615782737731934, 12.140000343322754, 12.640362739562988, 13.18312931060791, 13.682358741760254, 14.21641731262207, 14.695328712463379, 15.232290267944336, 15.71990966796875, 16.259773254394531, 16.756099700927734, 17.280000686645508, 17.800996780395508, 18.294422149658203, 18.834285736083984, 19.353832244873047, 19.832744598388672, 20.360000610351562, 20.857324600219727, 21.376871109008789, 21.899320602416992, 22.410158157348633, 22.923900604248047, 23.466667175292969, 23.965896606445312, 24.453514099121094, 24.975963592529297, 25.521633148193359, 26.003446578979492, 26.525896072387695, 27.030929565429688, 27.51274299621582, 28.049705505371094, 28.540225982666016, 29.077188491821289, 29.593832015991211, 30.101768493652344, 30.595191955566406, 31.10893440246582, 31.654603958129883, 32.153831481933594, 32.635646820068359, 33.163898468017578, 33.680000305175781, 34.200092315673828, 34.699317932128906, 35.213062286376953, 35.761631011962891, 36.255058288574219, 36.800724029541016, 37.299953460693359, 37.778865814208984, 38.330341339111328, 38.835372924804688, 39.349117279052734, 39.822223663330078, 40.359184265136719, 40.838096618652344, 41.380863189697266, 41.912017822265625, 42.402538299560547, 42.92498779296875, 43.435829162597656, 43.920543670654297, 44.448799133300781, 44.979953765869141, 45.482086181640625, 45.981315612792969, 46.54730224609375, 47.058139801025391, 47.539955139160156, 48.059501647949219, 48.555828094482422, 49.095691680908203, 49.603626251220703, 50.076736450195312, 50.62530517578125, 51.127437591552734, 51.641178131103516, 52.166530609130859, 52.6773681640625, 53.188209533691406, 53.68743896484375, 54.204082489013672, 54.741043090820312, 55.214149475097656, 55.759819030761719, 56.282268524169922, 56.784400939941406, 57.274921417236328, 57.800273895263672, 58.328525543212891, 58.819046020507812, 59.340000152587891, 59.834918975830078, 60.339954376220703, 60.891429901123047, 61.400001525878906, 61.907302856445312, 62.397823333740234, 62.931880950927734, 63.428207397460938, 63.962268829345703, 64.446983337402344, 64.978141784667969, 65.526710510253906, 65.99981689453125, 66.536781311035156, 67.044715881347656, 67.570068359375, 68.043174743652344, 68.556915283203125, 69.096778869628906, 69.604713439941406, 70.124259948730469, 70.639999389648438, 71.143035888671875, 71.653877258300781, 72.187934875488281, 72.655235290527344, 73.198005676269531, 73.720451354980469, 74.222587585449219, 74.730522155761719, 75.247161865234375, 75.763809204101562, 76.242721557617188, 76.730339050292969, 77.284713745117188, 77.807167053222656, 78.326713562011719, 78.8665771484375, 79.354194641113281, 79.865036010742188, 80.378776550292969, 80.886711120605469, 81.423675537109375, 81.931610107421875, 82.445350646972656, 82.950386047363281, 83.484443664550781, 83.974967956542969, 84.506118774414062, 84.979232788085938, 85.510383605957031, 85.995101928710938, 86.523353576660156, 87.034194946289062, 87.536323547363281, 88.05999755859375, 88.572517395019531, 89.054328918457031, 89.591293334960938, 90.076011657714844, 90.624580383300781, 91.132514953613281, 91.623039245605469, 92.130973815917969, 92.650520324707031, 93.180000305175781, 93.686714172363281, 94.212066650390625, 94.717094421386719, 95.239997863769531, 95.735870361328125, 96.232200622558594, 96.74884033203125, 97.285804748535156, 97.802452087402344, 98.307479858398438, 98.8270263671875, 99.334968566894531, 99.819679260253906, 100.330520629882812, 100.873291015625, 101.358001708984375, 101.897865295410156, 102.405807495117188, 102.928253173828125, 103.412971496582031, 103.952835083007812, 104.460769653320312, 104.971611022949219, 105.456329345703125, 106.004898071289062, 106.509933471679688, 107.020767211914062, 107.534515380859375, 108.048255920410156, 108.576507568359375, 109.075736999511719, 109.5894775390625, 110.111930847167969, 110.611152648925781, 111.119094848632812, 111.644447326660156, 112.155281066894531, 112.631294250488281, 113.1856689453125, 113.670387268066406, 114.201545715332031, 114.744308471679688, 115.217414855957031, 115.739997863769531, 116.233291625976562, 116.778953552246094, 117.278182983398438, 117.826759338378906, 118.29986572265625, 118.819999694824219, 119.31573486328125, 119.803352355957031, 120.343223571777344, 120.868568420410156, 121.373603820800781, 121.86993408203125, 122.372062683105469, 122.906120300292969, 123.396644592285156, 123.916191101074219, 124.4560546875, 124.955284118652344, 125.471923828125, 125.962448120117188, 126.499412536621094, 127.033470153808594, 127.529792785644531, 128.02032470703125, 128.56597900390625, 129.0419921875, 129.573150634765625, 130.066574096679688, 130.597732543945312, 131.09405517578125, 131.642623901367188, 132.153472900390625, 132.641082763671875, 133.169342041015625, 133.683090209960938, 134.193923950195312, 134.701858520507812, 135.218505859375, 135.717727661132812, 136.240188598632812, 136.7423095703125, 137.235733032226562, 137.801727294921875, 138.292251586914062, 138.803085327148438, 139.311019897460938, 139.821853637695312, 140.30657958984375, 140.837738037109375, 141.351470947265625, 141.85650634765625, 142.384765625, 142.89849853515625, 143.429656982421875, 143.917282104492188, 144.448440551757812, 144.953475952148438, 145.435287475585938, 145.98095703125, 146.459869384765625, 146.999725341796875, 147.475738525390625, 148.018508911132812, 148.517730712890625, 149.034378051757812, 149.5771484375, 150.06475830078125, 150.552383422851562, 151.083541870117188, 151.600006103515625, 152.105209350585938, 152.595733642578125, 153.135604858398438, 153.617416381835938, 154.154373168945312, 154.67999267578125, 155.190567016601562, 155.689788818359375, 156.229660034179688, 156.71728515625, 157.242630004882812, 157.759994506835938, 158.278823852539062, 158.792556762695312, 159.3092041015625, 159.834564208984375, 160.322174072265625, 160.835922241210938, 161.384490966796875, 161.875015258789062, 162.37713623046875, 162.876373291015625, 163.401718139648438, 163.932876586914062, 164.414688110351562, 164.94000244140625, 165.471206665039062, 165.94140625, 166.463851928710938, 166.954376220703125, 167.500045776367188, 167.9876708984375, 168.50140380859375, 169.00933837890625, 169.528884887695312, 170.022308349609375, 170.538955688476562, 171.049789428710938, 171.560638427734375, 172.09759521484375, 172.591018676757812, 173.098953247070312, 173.618499755859375, 174.09161376953125, 174.619857788085938, 175.119094848632812, 175.656051635742188, 176.198822021484375, 176.695144653320312, 177.199996948242188, 177.722625732421875, 178.220001220703125, 178.712387084960938, 179.217422485351562, 179.742767333984375, 180.265213012695312, 180.778961181640625, 181.260772705078125, 181.794830322265625, 182.314376831054688, 182.822311401367188, 183.339996337890625, 183.858505249023438, 184.334518432617188, 184.868576049804688, 185.382308959960938, 185.907669067382812, 186.3836669921875, 186.914825439453125, 187.402450561523438, 187.945220947265625, 188.479278564453125, 188.961090087890625, 189.486434936523438, 189.982772827148438, 190.48199462890625, 191.001541137695312, 191.500778198242188, 192.040634155273438, 192.583404541015625, 193.068115234375, 193.552841186523438, 194.089797973632812, 194.571609497070312, 195.12017822265625, 195.59619140625, 196.144760131835938, 196.620773315429688, 197.149017333984375, 