{
  "backend": "remix-python/beat-this",
  "audio_path": "references/golden/phase-1/pan_tadeusz_polonez.flac",
  "tempo": 169.26241551572141,
  "time_signature": 2,
  "confidence": 0.7532046807652333,
  "beats": [
    0.28,
    0.66,
    0.98,
    1.34,
    1.66,
    2.02,
    2.34,
    2.7,
    3.02,
    3.38,
    3.7,
    4.04,
    4.38,
    4.72,
    5.04,
    5.38,
    5.72,
    6.06,
    6.4,
    6.76,
    7.1,
    7.44,
    7.82,
    8.2,
    8.58,
    8.96,
    9.3,
    9.64,
    9.96,
    10.32,
    10.66,
    11.02,
    11.34,
    11.68,
    12.0,
    12.34,
    12.66,
    13.0,
    13.32,
    13.66,
    13.98,
    14.34,
    14.66,
    15.0,
    15.32,
    15.68,
    16.0,
    16.32,
    16.66,
    17.0,
    17.3,
    17.64,
    17.98,
    18.32,
    18.66,
    18.98,
    19.32,
    19.66,
    20.0,
    20.34,
    20.68,
    21.02,
    21.34,
    21.7,
    22.02,
    22.36,
    22.7,
    23.06,
    23.36,
    23.72,
    24.04,
    24.38,
    24.72,
    25.06,
    25.36,
    25.72,
    26.04,
    26.38,
    26.72,
    27.04,
    27.38,
    27.7,
    28.06,
    28.4,
    28.72,
    29.06,
    29.42,
    29.74,
    30.06,
    30.76,
    31.44,
    32.1,
    32.76,
    33.44,
    34.1,
    34.76,
    35.44,
    35.78,
    36.1,
    36.78,
    37.44,
    37.78,
    38.1,
    38.76,
    39.44,
    39.78,
    40.1,
    40.76,
    41.4,
    41.76,
    42.06,
    42.74,
    43.4,
    44.06,
    44.72,
    45.06,
    45.4,
    46.06,
    46.72,
    47.06,
    47.38,
    48.02,
    48.68,
    49.02,
    49.34,
    49.98,
    50.62,
    51.28,
    51.92,
    52.26,
    52.6,
    52.92,
    53.24,
    53.9,
    54.22,
    54.54,
    54.9,
    55.2,
    55.86,
    56.52,
    56.86,
    57.18,
    57.82,
    58.5,
    58.84,
    59.16,
    59.5,
    59.78,
    60.12,
    60.46,
    60.8,
    61.12,
    61.46,
    61.78,
    62.12,
    62.46,
    62.8,
    63.12,
    63.46,
    63.78,
    64.1,
    64.44,
    64.78,
    65.1,
    65.42,
    65.76,
    66.08,
    66.4,
    66.74,
    67.08,
    67.4,
    67.74,
    68.08,
    68.4,
    68.74,
    69.08,
    69.4,
    69.74,
    70.06,
    70.4,
    70.74,
    71.06,
    71.38,
    71.7,
    72.02,
    72.36,
    72.7,
    73.02,
    73.36,
    73.7,
    74.02,
    74.38,
    74.7,
    75.06,
    75.38,
    75.74,
    76.06,
    76.36,
    76.66,
    77.04,
    77.38,
    77.7,
    78.04,
    78.38,
    78.72,
    79.08,
    79.42,
    79.76,
    80.1,
    80.44,
    80.78,
    81.12,
    81.46,
    81.78,
    82.12,
    82.46,
    82.8,
    83.14,
    83.46,
    83.8,
    84.14,
    84.48,
    84.82,
    85.16,
    85.48,
    85.82,
    86.16,
    86.5,
    86.84,
    87.18,
    87.5,
    87.84,
    88.16,
    88.5,
    88.84,
    89.2,
    89.5,
    89.82,
    90.16,
    90.5,
    90.84,
    91.18,
    91.52,
    91.86,
    92.2,
    92.54,
    92.88,
    93.22,
    93.54,
    93.88,
    94.22,
    94.54,
    94.88,
    95.22,
    95.56,
    95.9,
    96.22,
    96.56,
    96.88,
    97.24,
    97.56,
    97.88,
    98.22,
    98.54,
    98.9,
    99.22,
    99.54,
    99.88,
    100.2,
    100.54,
    100.88,
    101.22,
    101.56,
    101.88,
    102.22,
    102.54,
    102.88,
    103.22,
    103.54,
    103.88,
    104.22,
    104.54,
    104.88,
    105.22,
    105.54,
    105.88,
    106.22,
    106.54,
    106.88,
    107.22,
    107.54,
    107.88,
    108.22,
    108.56,
    108.88,
    109.24,
    109.54,
    109.9,
    110.22,
    110.54,
    110.88,
    111.22,
    111.54,
    111.86,
    112.18,
    112.5,
    112.82,
    113.16,
    113.48,
    113.82,
    114.14,
    114.46,
    114.78,
    115.1,
    115.42,
    115.76,
    116.06,
    116.4,
    116.72,
    117.06,
    117.36,
    117.7,
    118.02,
    118.34,
    118.68,
    119.02,
    119.26,
    119.62,
    119.92,
    120.24,
    120.56,
    120.9,
    121.22,
    121.54,
    121.84,
    122.18,
    122.48,
    122.82,
    123.14,
    123.44,
    123.76,
    124.1,
    124.42,
    124.78,
    125.08,
    125.42,
    125.74,
    126.08,
    126.4,
    126.76,
    127.08,
    127.4,
    127.74,
    128.06,
    128.4,
    128.74,
    129.08,
    129.4,
    129.74,
    130.06,
    130.42,
    130.74,
    131.1,
    131.42,
    131.8,
    132.08,
    132.36,
    132.68,
    133.04,
    133.38,
    133.7,
    134.04,
    134.38,
    134.72,
    135.06,
    135.4,
    135.72,
    136.06,
    136.4,
    136.74,
    137.08,
    137.42,
    137.74,
    138.08,
    138.42,
    138.76,
    139.1,
    139.42,
    139.76,
    140.1,
    140.44,
    140.78,
    141.1,
    141.42,
    141.76,
    142.1,
    142.42,
    142.76,
    143.1,
    143.42,
    143.76,
    144.08,
    144.42,
    144.74,
    145.08,
    145.42,
    145.74,
    146.08,
    146.4,
    146.76,
    147.08,
    147.42,
    147.76,
    148.1,
    148.42,
    148.76,
    149.1,
    149.4,
    149.76,
    150.08,
    150.42,
    150.74,
    151.08,
    151.4,
    151.72,
    152.06,
    152.72,
    153.08,
    153.38,
    154.06,
    154.38,
    154.7,
    155.04,
    155.36,
    156.0,
    156.34,
    156.66,
    157.0,
    157.32,
    157.64,
    157.98,
    158.62,
    158.96,
    159.28,
    159.94,
    160.6,
    160.92,
    161.24,
    161.9,
    162.56,
    163.26,
    164.02,
    164.82,
    165.2,
    165.52,
    165.9,
    166.22,
    166.56,
    166.9,
    167.24,
    167.58,
    167.94,
    168.26,
    168.94,
    169.26,
    169.6,
    169.92,
    170.26,
    170.6,
    170.94,
    171.3,
    171.62,
    172.3,
    172.64,
    172.98,
    173.68,
    174.04,
    174.38,
    174.7,
    175.04,
    175.38,
    175.72,
    176.06,
    176.38,
    176.72,
    177.04,
    177.38,
    177.7,
    178.02,
    178.36,
    178.68,
    179.02,
    179.4,
    179.72,
    180.06,
    180.4,
    180.76,
    181.1,
    181.44,
    181.78,
    182.12,
    182.46,
    182.8,
    183.14,
    183.48,
    183.82,
    184.14,
    184.46,
    184.78,
    185.12,
    185.46,
    185.78,
    186.12,
    186.44,
    186.8,
    187.12,
    187.48,
    187.78,
    188.12,
    188.44,
    188.78,
    189.12,
    189.46,
    189.76,
    190.12,
    190.44,
    190.78,
    191.12,
    191.44,
    191.74,
    192.1,
    192.4,
    192.74,
    193.06,
    193.42,
    193.72,
    194.06,
    194.38,
    194.72,
    195.06,
    195.4,
    195.74,
    196.12,
    196.46,
    196.84,
    197.22,
    197.54,
    197.88,
    198.24,
    198.58,
    198.92,
    199.26,
    199.62,
    199.94,
    200.2,
    200.28,
    200.6,
    200.96,
    201.3,
    201.64,
    201.96,
    202.3,
    202.62,
    202.98,
    203.32,
    203.7,
    204.0,
    204.34,
    204.68,
    205.02,
    205.36,
    205.72,
    206.06,
    206.4,
    206.72,
    207.06,
    207.42,
    207.76,
    208.08,
    208.4,
    208.72,
    209.08,
    209.4,
    209.74,
    210.06,
    210.4,
    210.74,
    211.08,
    211.42,
    211.76,
    212.1,
    212.42,
    212.78,
    213.12,
    213.46,
    213.8,
    214.14,
    214.48,
    214.82,
    215.16,
    215.48,
    215.82,
    216.14,
    216.46,
    216.76,
    217.1,
    217.42,
    217.74,
    218.06,
    218.4,
    218.72,
    219.04,
    219.34,
    219.68,
    219.98,
    220.3,
    220.62,
    220.94,
    221.28,
    221.62,
    221.92,
    222.26,
    222.56,
    222.88,
    223.2,
    223.52,
    223.86,
    224.16,
    224.46,
    224.78,
    225.1,
    225.44,
    225.76,
    226.06,
    226.38,
    226.7,
    227.02,
    227.36,
    227.66,
    227.98,
    228.28,
    228.62,
    228.94,
    229.3,
    229.6,
    229.92,
    230.26,
    230.58,
    230.92,
    231.26,
    231.58,
    231.9,
    232.22,
    232.56,
    232.9,
    233.24,
    233.56,
    233.88,
    234.22,
    234.56,
    234.9,
    235.22,
    235.56,
    235.9,
    236.24,
    236.58,
    236.88,
    237.18,
    237.56,
    237.9,
    238.24,
    238.54,
    238.88,
    239.22,
    239.58,
    239.9,
    240.22,
    240.56,
    240.9,
    241.24,
    241.58,
    241.9,
    242.22,
    242.56,
