{
  "backend": "remix-python/beat-this",
  "audio_path": "references/golden/phase-1/shostakovich_jazz_waltz.flac",
  "tempo": 164.49736914982,
  "time_signature": 3,
  "confidence": 0.8619282729028531,
  "beats": [
    0.58,
    0.96,
    1.32,
    1.66,
    2.04,
    2.38,
    2.74,
    3.1,
    3.44,
    3.8,
    4.16,
    4.52,
    4.86,
    5.22,
    5.58,
    5.9,
    6.26,
    6.6,
    6.94,
    7.28,
    7.64,
    7.96,
    8.32,
    8.66,
    8.96,
    9.32,
    9.64,
    9.98,
    10.32,
    10.66,
    10.98,
    11.34,
    11.68,
    12.02,
    12.38,
    12.74,
    13.1,
    13.46,
    13.82,
    14.18,
    14.52,
    14.86,
    15.22,
    15.56,
    15.9,
    16.24,
    16.6,
    16.94,
    17.26,
    17.6,
    17.94,
    18.28,
    18.6,
    18.94,
    19.24,
    19.58,
    19.92,
    20.26,
    20.62,
    20.98,
    21.36,
    21.72,
    22.1,
    22.44,
    22.8,
    23.14,
    23.5,
    23.84,
    24.16,
    24.48,
    24.84,
    25.2,
    25.54,
    25.9,
    26.24,
    26.6,
    26.94,
    27.3,
    27.66,
    28.02,
    28.36,
    28.7,
    29.04,
    29.4,
    29.78,
    30.14,
    30.5,
    30.86,
    31.2,
    31.56,
    31.88,
    32.24,
    32.58,
    32.92,
    33.28,
    33.64,
    33.98,
    34.34,
    34.7,
    35.04,
    35.4,
    35.76,
    36.12,
    36.48,
    36.86,
    37.24,
    37.66,
    38.1,
    38.58,
    39.02,
    39.4,
    39.74,
    40.12,
    40.48,
    40.82,
    41.18,
    41.52,
    41.86,
    42.2,
    42.58,
    42.92,
    43.28,
    43.64,
    44.0,
    44.34,
    44.7,
    45.06,
    45.46,
    45.86,
    46.28,
    46.82,
    47.36,
    47.92,
    48.3,
    48.66,
    49.0,
    49.34,
    49.68,
    50.02,
    50.36,
    50.7,
    51.04,
    51.36,
    51.72,
    52.08,
    52.44,
    52.8,
    53.16,
    53.52,
    53.9,
    54.26,
    54.66,
    55.06,
    55.5,
    55.98,
    56.32,
    56.5,
    57.06,
    57.46,
    57.82,
    58.18,
    58.54,
    58.88,
    59.22,
    59.56,
    59.92,
    60.26,
    60.6,
    60.94,
    61.28,
    61.64,
    61.98,
    62.32,
    62.66,
    63.0,
    63.34,
    63.7,
    64.06,
    64.4,
    64.72,
    65.08,
    65.4,
    65.76,
    66.1,
    66.42,
    66.76,
    67.1,
    67.44,
    67.78,
    68.12,
    68.44,
    68.78,
    69.12,
    69.46,
    69.8,
    70.14,
    70.46,
    70.8,
    71.16,
    71.54,
    71.9,
    72.32,
    72.72,
    73.14,
    73.64,
    74.12,
    74.5,
    74.84,
    75.2,
    75.54,
    75.88,
    76.22,
    76.56,
    76.92,
    77.26,
    77.6,
    77.94,
    78.3,
    78.64,
    78.98,
    79.3,
    79.64,
    79.98,
    80.32,
    80.68,
    81.02,
    81.38,
    81.72,
    82.08,
    82.42,
    82.78,
    83.12,
    83.5,
    83.86,
    84.22,
    84.58,
    84.94,
    85.3,
    85.7,
    86.08,
    86.48,
    86.92,
    87.34,
    87.78,
    88.2,
    88.6,
    88.92,
    89.0,
    89.54,
    89.92,
    90.46,
    90.96,
    91.56,
    92.2,
    92.9,
    93.36,
    93.72,
    94.04,
    94.4,
    94.74,
    95.06,
    95.42,
    95.76,
    96.08,
    96.42,
    96.74,
    97.08,
    97.4,
    97.7,
    98.02,
    98.36,
    98.68,
    99.02,
    99.34,
    99.7,
    100.04,
    100.44,
    100.9,
    101.4,
    101.84,
    102.22,
    102.56,
    102.94,
    103.3,
    103.66,
    104.02,
    104.38,
    104.76,
    105.1,
    105.48,
    105.82,
    106.18,
    106.54,
    106.86,
    107.24,
    107.58,
    107.92,
    108.28,
    108.62,
    108.98,
    109.32,
    109.68,
    110.02,
    110.38,
    110.72,
    111.06,
    111.4,
    111.76,
    112.08,
    112.42,
    112.76,
    113.1,
    113.44,
    113.78,
    114.14,
    114.48,
    114.82,
    115.14,
    115.48,
    115.84,
    116.16,
    116.52,
    116.86,
    117.22,
    117.56,
    117.92,
    118.28,
    118.66,
    119.06,
    119.42,
    119.78,
    120.14,
    120.5,
    120.86,
    121.24,
    121.58,
    121.94,
    122.3,
    122.64,
    123.0,
    123.34,
    123.68,
    124.04,
    124.38,
    124.74,
    125.1,
    125.48,
    125.86,
    126.22,
    126.58,
    126.98,
    127.34,
    127.68,
    128.02,
    128.34,
    128.68,
    129.0,
    129.36,
    129.68,
    130.0,
    130.32,
    130.66,
    131.0,
    131.36,
    131.7,
    132.08,
    132.46,
    132.8,
    133.18,
    133.54,
    133.92,
    134.32,
    134.68,
    135.06,
    135.46,
    135.84,
    136.22,
    136.6,
    137.0,
    137.38,
    137.76,
    138.16,
    138.56,
    139.0,
    139.4,
    139.78,
    140.18,
    140.58,
    141.0,
    141.46,
    141.92,
    142.46,
    143.06,
    143.62,
    144.2,
    144.58,
    145.02
  ],
  "downbeats": [
    0.58,
    1.66,
    2.74,
    3.8,
    4.86,
    5.9,
    6.94,
    7.96,
    8.96,
    9.98,
    10.98,
    12.02,
    13.1,
    14.18,
    15.22,
    16.24,
    17.26,
    18.28,
    19.24,
    20.26,
    21.36,
    22.44,
    23.5,
    24.48,
    25.54,
    26.6,
    27.66,
    28.7,
    29.78,
    30.86,
    31.88,
    32.92,
    33.98,
    35.04,
    36.12,
    37.24,
    38.58,
    39.74,
    40.82,
    41.86,
    42.92,
    44.0,
    45.06,
    46.28,
    47.92,
    49.0,
    50.02,
    51.04,
    52.08,
    53.16,
    54.26,
    55.5,
    57.06,
    58.18,
    59.22,
    60.26,
    61.28,
    62.32,
    63.34,
    64.4,
    65.4,
    66.42,
    67.44,
    68.44,
    69.46,
    70.46,
    71.54,
    72.72,
    74.12,
    75.2,
    76.22,
    77.26,
    78.3,
    79.3,
    80.32,
    81.38,
    82.42,
    83.5,
    84.58,
    85.7,
    86.92,
    88.2,
    89.0,
    89.54,
    91.56,
    92.9,
    94.04,
    95.06,
    96.08,
    97.08,
    98.02,
    99.02,
    100.04,
    101.4,
    102.56,
    103.66,
    104.76,
    105.82,
    106.86,
    107.92,
    108.98,
    110.02,
    111.06,
    112.08,
    113.1,
    114.14,
    115.14,
    116.16,
    117.22,
    118.28,
    119.42,
    120.5,
    121.58,
    122.64,
    123.68,
    124.74,
    125.86,
    126.98,
    128.02,
    129.0,
    130.0,
    131.0,
    132.08,
    133.18,
    134.32,
    135.46,
    136.6,
    137.76,
    138.56,
    139.0,
    139.78,
    140.18,
    141.46,
    143.06,
    144.2,
    145.02
  ],
  "n_beats": 397,
  "n_downbeats": 136,
  "wall_seconds": 2.9605758329853415
}