{"backend": "reamix-cpp", "audio_path": "references/golden/phase-1/shostakovich_jazz_waltz.flac", "source_rate": 44100, "duration": 148.85333251953125, "tempo": 171.241943359375, "time_signature": 3, "confidence": 0.807500004768372, "beats": [0.589206337928772, 0.954920649528503, 1.323537468910217, 1.663129210472107, 2.043355941772461, 2.385850429534912, 2.745759725570679, 3.114376306533813, 3.445260763168335, 3.799365043640137, 4.159274578094482, 4.513378620147705, 4.855873107910156, 5.230294704437256, 5.569886684417725, 5.894966125488281, 6.266485214233398, 6.59736967086792, 6.951473712921143, 7.267845630645752, 7.64226770401001, 7.958639621734619, 8.321451187133789, 8.649433135986328, 8.974512100219727, 9.328617095947266, 9.633378982543945, 9.990385055541992, 10.312561988830566, 10.663763999938965, 10.980135917663574, 11.337142944335938, 11.668026924133301, 12.019228935241699, 12.384943008422852, 12.733242988586426, 13.098957061767578, 13.453061103820801, 13.812970161437988, 14.178685188293457, 14.529886245727539, 14.875283241271973, 15.211973190307617, 15.55446720123291, 15.905669212341309, 16.236553192138672, 16.605169296264648, 16.944761276245117, 17.261133193969727, 17.609432220458984, 17.937414169311523, 18.279909133911133, 18.596281051635742, 18.938776016235352, 19.240634918212891, 19.577323913574219, 19.925622940063477, 20.250703811645508, 20.616416931152344, 20.985034942626953, 21.35655403137207, 21.730974197387695, 22.105396270751953, 22.430477142333984, 22.772970199584961, 23.13868522644043, 23.507301330566406, 23.838186264038086, 24.160362243652344, 24.470930099487305, 24.833742141723633, 25.19365119934082, 25.547754287719727, 25.884445190429688, 26.244354248046875, 26.615873336791992, 26.92643928527832, 27.306667327880859, 27.657869338989258, 28.003265380859375, 28.351564407348633, 28.696962356567383, 29.0423583984375, 29.402267456054688, 29.782493591308594, 30.142404556274414, 30.511020660400391, 30.856416702270508, 31.193105697631836, 31.558820724487305, 31.872289657592773, 32.235103607177734, 32.603717803955078, 32.928798675537109, 33.277095794677734, 33.631202697753906, 33.967891693115234, 34.342311859130859, 34.699317932128906, 35.038909912109375, 35.404624938964844, 35.767436981201172, 36.121540069580078, 36.472743988037109, 36.855873107910156, 37.236099243164062, 37.680179595947266, 38.106849670410156, 38.582859039306641, 39.026939392089844, 39.404262542724609, 39.729343414306641, 40.106666564941406, 40.492698669433594, 40.835193634033203, 41.168979644775391, 41.53759765625, 41.865577697753906, 42.228389739990234, 42.582492828369141, 42.927890777587891, 43.287799835205078, 43.641902923583984, 43.998912811279297, 44.347209930419922, 44.695510864257812, 45.067028045654297, 45.455963134765625, 45.85650634765625, 46.294784545898438, 46.802722930908203, 47.087165832519531, 47.406440734863281, 47.923084259033203, 48.309116363525391, 48.663219451904297, 48.999908447265625, 49.333694458007812, 49.676189422607422, 50.015781402587891, 50.3582763671875, 50.692062377929688, 51.054874420166016, 51.385761260986328, 51.734058380126953, 52.067844390869141, 52.450973510742188, 52.802177429199219, 53.176597595214844, 53.513286590576172, 53.890613555908203, 54.244716644287109, 54.674285888671875, 55.060317993164062, 55.989116668701172, 56.337413787841797, 56.485443115234375, 56.769886016845703, 57.048526763916016, 57.4461669921875, 57.820590972900391, 58.177597045898438, 58.549114227294922, 58.88580322265625, 59.216690063476562, 59.567890167236328, 59.916191101074219, 60.255783081054688, 60.604080200195312, 60.946575164794922, 61.265850067138672, 61.637371063232422, 61.968254089355469, 62.319454193115234, 62.650341033935547, 62.998638153076172, 63.349842071533203, 63.703945159912109, 64.058052062988281, 64.391838073730469, 64.725624084472656, 65.079727172851562, 65.407707214355469, 65.756011962890625, 66.095603942871094, 66.411972045898438, 66.757369995117188, 67.09405517578125, 67.436553955078125, 67.773239135742188, 68.118637084960938, 68.435012817382812, 68.774604797363281, 69.120002746582031, 69.456687927246094, 69.796279907226562, 70.135871887207031, 70.458053588867188, 70.815055847167969, 71.157554626464844, 71.53778076171875, 71.886077880859375, 72.315643310546875, 72.713287353515625, 73.148658752441406, 74.120994567871094, 74.501220703125, 74.852424621582031, 75.203628540039062, 75.546119689941406, 75.874107360839844, 76.213699340820312, 76.561996459960938, 76.913200378417969, 77.258590698242188, 77.601089477539062, 77.93487548828125, 78.315101623535156, 78.637275695800781, 78.988479614257812, 79.301948547363281, 79.638641357421875, 79.992744445800781, 80.335235595703125, 80.686439514160156, 81.008613586425781, 81.397552490234375, 81.716827392578125, 82.076736450195312, 82.404716491699219, 82.764625549316406, 83.12744140625, 83.490249633789062, 83.858863830566406, 84.218772888183594, 84.587394714355469, 84.935691833496094, 85.292701721191406, 85.696144104003906, 86.082176208496094, 86.491432189941406, 86.923896789550781, 87.330245971679688, 87.783035278320312, 88.198097229003906, 88.598640441894531, 88.981765747070312, 89.25750732421875, 89.559364318847656, 89.916374206542969, 90.261772155761719, 90.96417236328125, 91.251518249511719, 91.538864135742188, 91.866851806640625, 92.183219909667969, 92.528617858886719, 92.903038024902344, 93.352928161621094, 93.724441528320312, 94.049522399902344, 94.386215209960938, 94.728706359863281, 95.059593200683594, 95.407890319824219, 95.764900207519531, 96.087074279785156, 96.420860290527344, 96.751747131347656, 97.076828002929688, 97.399002075195312, 97.718276977539062, 98.046257019042969, 98.362632751464844, 98.687705993652344, 99.021499633789062, 99.334968566894531, 99.703582763671875, 100.046073913574219, 100.437911987304688, 101.395736694335938, 101.8369140625, 102.217140197753906, 102.559638977050781, 102.936958312988281, 103.296867370605469, 103.668388366699219, 104.025398254394531, 104.388206481933594, 104.774238586425781, 105.102218627929688, 105.465034484863281, 105.810432434082031, 106.187751770019531, 106.518638610839844, 106.869842529296875, 107.229751586914062, 107.586753845214844, 107.932151794433594, 108.277549743652344, 108.625846862792969, 108.974151611328125, 109.316642761230469, 109.6939697265625, 110.021949768066406, 110.378959655761719, 110.724349975585938, 111.040725708007812, 111.397735595703125, 111.748931884765625, 112.0914306640625, 112.428115844726562, 112.764808654785156, 113.086982727050781, 113.441085815429688, 113.786483764648438, 114.14349365234375, 114.471473693847656, 114.825576782226562, 115.12744140625, 115.487350463867188, 115.835647583007812, 116.178138732910156, 116.517730712890625, 116.866035461425781, 117.220138549804688, 117.553924560546875, 117.9022216796875, 118.282447814941406, 118.653968811035156, 119.057411193847656, 119.42022705078125, 119.788841247558594, 120.145851135253906, 120.491249084472656, 120.862770080566406, 121.248794555664062, 121.585487365722656, 121.927978515625, 122.293693542480469, 122.653602600097656, 123.001907348632812, 123.338592529296875, 123.689796447753906, 124.03228759765625, 124.395103454589844, 124.740501403808594, 125.100410461425781, 125.471923828125, 125.860862731933594, 126.212066650390625, 126.577774047851562, 126.992835998535156, 127.346939086914062, 127.677825927734375, 128.023223876953125, 128.330886840820312, 128.679183959960938, 128.986846923828125, 129.369979858398438, 129.686355590820312, 129.9940185546875, 130.321990966796875, 130.65869140625, 130.998275756835938, 131.372695922851562, 131.697784423828125, 132.080902099609375, 132.461135864257812, 132.80072021484375, 133.178054809570312, 133.552474975585938, 133.923995971679688, 134.310028076171875, 134.678634643554688, 135.038543701171875, 135.442001342773438, 135.8570556640625, 136.243087768554688, 136.597183227539062, 136.994827270507812, 137.377960205078125, 137.763992309570312, 138.167434692382812, 138.553466796875, 138.988845825195312, 139.403900146484375, 