{"backend": "reamix-cpp", "audio_path": "references/golden/phase-1/smells_like_teen_spirit.mp3", "source_rate": 44100, "duration": 301.920013427734375, "tempo": 117.532669067382812, "time_signature": 4, "confidence": 0.992932856082916, "beats": [0.002902494277805, 0.490521550178528, 1.036190509796143, 1.616689324378967, 2.098503351211548, 2.649977207183838, 3.19274377822876, 3.759999990463257, 4.301496505737305, 4.821043014526367, 5.355102062225342, 5.894966125488281, 6.434829711914062, 7.015328884124756, 7.569705009460449, 8.077641487121582, 8.626213073730469, 9.151564598083496, 9.691428184509277, 10.196462631225586, 10.707301139831543, 11.206530570983887, 11.726077079772949, 12.234013557434082, 12.744853019714355, 13.217959403991699, 13.740407943725586, 14.271564483642578, 14.753378868103027, 15.26131534576416, 15.769251823425293, 16.297506332397461, 16.793832778930664, 17.304670333862305, 17.795192718505859, 18.311836242675781, 18.834285736083984, 19.321905136108398, 19.83854866027832, 20.360998153686523, 20.860227584838867, 21.35655403137207, 21.858684539794922, 22.366621017456055, 22.874557495117188, 23.365079879760742, 23.861406326293945, 24.357732772827148, 24.862766265869141, 25.370702743530273, 25.875736236572266, 26.40399169921875, 26.929342269897461, 27.434375762939453, 27.956825256347656, 28.473468780517578, 28.987211227416992, 29.500951766967773, 30.023401260375977, 30.537143707275391, 31.065397262573242, 31.582040786743164, 32.098686218261719, 32.6124267578125, 33.143581390380859, 33.651519775390625, 34.176872253417969, 34.687709808349609, 35.213062286376953, 35.723899841308594, 36.249252319335938, 36.757186889648438, 37.262222290039062, 37.781768798828125, 38.312923431396484, 38.817958831787109, 39.357822418212891, 39.862857818603516, 40.391109466552734, 40.8990478515625, 41.421497344970703, 41.938140869140625, 42.469295501708984, 42.980136871337891, 43.502586364746094, 44.016326904296875, 44.538776397705078, 45.052516937255859, 45.545940399169922, 46.085803985595703, 46.605350494384766, 47.121994018554688, 47.644443511962891, 48.158184051513672, 48.689342498779297, 49.194377899169922, 49.722629547119141, 50.221858978271484, 50.784942626953125, 51.284172058105469, 51.79791259765625, 52.329071044921875, 52.822494506835938, 53.336235046386719, 53.861587524414062, 54.363719940185547, 54.877460479736328, 55.39410400390625, 55.913650512695312, 56.444808959960938, 56.941135406494141, 57.460681915283203, 57.980228424072266, 58.485260009765625, 59.004806518554688, 59.509841918945312, 60.014873504638672, 60.528617858886719, 61.045261383056641, 61.559001922607422, 62.084354400634766, 62.569068908691406, 63.074104309082031, 63.608161926269531, 64.110298156738281, 64.635643005371094, 65.120361328125, 65.619590759277344, 66.115921020507812, 66.623855590820312, 67.137596130371094, 67.645530700683594, 68.159271240234375, 68.649795532226562, 69.149024963378906, 69.694694519042969, 70.214241027832031, 70.69024658203125, 71.235916137695312, 71.740951538085938, 72.275009155273438, 72.765533447265625, 73.27056884765625, 73.795921325683594, 74.306755065917969, 74.797279357910156, 75.3226318359375, 75.845077514648438, 76.3385009765625, 76.81451416015625, 77.334060668945312, 77.876823425292969, 78.39056396484375, 78.878189086914062, 79.397735595703125, 79.920181274414062, 80.413604736328125, 80.898323059082031, 81.432380676269531, 81.93450927734375, 82.433738708496094, 82.950386047363281, 83.455421447753906, 83.963356018066406, 84.480003356933594, 84.958908081054688, 85.484260559082031, 86.009613037109375, 86.508842468261719, 86.999366760253906, 87.513107299804688, 88.021041870117188, 88.526077270507812, 88.993377685546875, 89.512924194335938, 90.041175842285156, 90.557823181152344, 91.04254150390625, 91.573699951171875, 92.070022583007812, 92.601181030273438, 93.126533508300781, 93.65478515625, 94.168525695800781, 94.693878173828125, 95.187301635742188, 95.698143005371094, 96.194465637207031, 96.725624084472656, 97.219047546386719, 97.750205993652344, 98.249435424804688, 98.771881103515625, 99.253692626953125, 99.755828857421875, 100.278274536132812, 100.797821044921875, 101.326080322265625, 101.834014892578125, 102.341949462890625, 102.878913879394531, 103.383949279785156, 103.883171081542969, 104.414329528808594, 104.942588806152344, 105.462135314941406, 105.972969055175781, 106.498321533203125, 107.012062072753906, 107.549026489257812, 108.04534912109375, 108.576507568359375, 109.084442138671875, 109.595283508300781, 110.114830017089844, 110.619865417480469, 111.13360595703125, 111.656051635742188, 112.178504943847656, 112.709663391113281, 113.2117919921875, 113.731338500976562, 114.247978210449219, 114.770431518554688, 115.287071228027344, 115.79791259765625, 116.320365905761719, 116.845710754394531, 117.376869201660156, 117.896415710449219, 118.418869018554688, 118.935508728027344, 119.469566345214844, 119.974601745605469, 120.497055053710938, 121.013694763183594, 121.536148071289062, 122.044082641601562, 122.560722351074219, 123.062858581542969, 123.591110229492188, 124.101951599121094, 124.638908386230469, 125.158454895019531, 125.678001403808594, 126.185943603515625, 126.728706359863281, 127.210517883300781, 127.744583129882812, 128.246719360351562, 128.757553100585938, 129.265487670898438, 129.799545288085938, 130.310379028320312, 130.824127197265625, 131.343673706054688, 131.851608276367188, 132.382766723632812, 132.881988525390625, 133.389938354492188, 133.892059326171875, 134.411605834960938, 134.907943725585938, 135.415878295898438, 135.947036743164062, 136.434646606445312, 136.942581176757812, 137.438919067382812, 137.964263916015625, 138.451889038085938, 138.959823608398438, 139.467758178710938, 139.952468872070312, 140.43719482421875, 140.956741333007812, 141.47918701171875, 141.98712158203125, 142.477645874023438, 142.991378784179688, 143.519638061523438, 144.04498291015625, 144.535507202148438, 145.072479248046875, 145.574600219726562, 146.08544921875, 146.564346313476562, 147.0751953125, 147.606353759765625, 148.120086669921875, 148.61932373046875, 149.135971069335938, 149.6671142578125, 150.157638549804688, 150.665573120117188, 151.173507690429688, 151.704666137695312, 152.203903198242188, 152.708938598632812, 153.222671508789062, 153.719009399414062, 154.226943969726562, 154.72906494140625, 155.242813110351562, 155.75946044921875, 156.261581420898438, 156.752105712890625, 157.2774658203125, 157.779586791992188, 158.2933349609375, 158.78094482421875, 159.288894653320312, 159.791015625, 160.296051025390625, 160.792373657226562, 161.314834594726562, 161.8111572265625, 162.327804565429688, 162.806716918945312, 163.30303955078125, 163.81097412109375, 164.34503173828125, 164.835556030273438, 165.366714477539062, 165.85723876953125, 166.359359741210938, 166.87890625, 167.4013671875, 167.9354248046875, 168.425933837890625, 168.907760620117188, 169.412796020507812, 169.912017822265625, 170.440277099609375, 170.9453125, 171.4532470703125, 171.955368041992188, 172.46331787109375, 172.962539672851562, 173.470474243164062, 173.984222412109375, 174.49505615234375, 174.979766845703125, 175.499313354492188, 176.00726318359375, 176.51519775390625, 176.985397338867188, 177.528167724609375, 178.027389526367188, 178.523712158203125, 179.008438110351562, 179.527984619140625, 180.021408081054688, 180.523544311523438, 181.025665283203125, 181.533599853515625, 182.0328369140625, 182.537872314453125, 183.04290771484375, 183.545028686523438, 184.0645751953125, 184.563812255859375, 185.051422119140625, 185.570968627929688, 186.113739013671875, 186.5926513671875, 187.091888427734375, 187.599822998046875, 188.125167846679688, 188.615692138671875, 189.103317260742188, 189.6025390625, 190.10467529296875, 190.615509033203125, 191.111831665039062, 191.6226806640625, 192.127716064453125, 192.647262573242188, 193.131973266601562, 193.660232543945312, 194.165267944335938, 194.673202514648438, 195.160812377929688, 195.683258056640625, 196.197006225585938, 