{
  "backend": "remix-python/beat-this",
  "audio_path": "references/golden/phase-1/smells_like_teen_spirit.mp3",
  "tempo": 117.39130434782608,
  "time_signature": 4,
  "confidence": 0.9736043113529487,
  "beats": [
    0.0,
    0.5,
    1.04,
    1.6,
    2.12,
    2.66,
    3.2,
    3.76,
    4.28,
    4.84,
    5.36,
    5.9,
    6.46,
    7.0,
    7.56,
    8.08,
    8.62,
    9.14,
    9.68,
    10.2,
    10.7,
    11.2,
    11.72,
    12.24,
    12.74,
    13.22,
    13.74,
    14.26,
    14.76,
    15.26,
    15.76,
    16.3,
    16.8,
    17.3,
    17.8,
    18.32,
    18.84,
    19.34,
    19.84,
    20.36,
    20.86,
    21.36,
    21.86,
    22.38,
    22.88,
    23.36,
    23.88,
    24.36,
    24.88,
    25.38,
    25.88,
    26.4,
    26.92,
    27.44,
    27.94,
    28.48,
    28.98,
    29.5,
    30.02,
    30.54,
    31.06,
    31.58,
    32.1,
    32.62,
    33.14,
    33.66,
    34.16,
    34.7,
    35.2,
    35.72,
    36.24,
    36.76,
    37.26,
    37.78,
    38.3,
    38.82,
    39.34,
    39.86,
    40.38,
    40.9,
    41.42,
    41.94,
    42.46,
    42.98,
    43.5,
    44.02,
    44.54,
    45.06,
    45.56,
    46.08,
    46.6,
    47.12,
    47.64,
    48.16,
    48.68,
    49.2,
    49.72,
    50.24,
    50.76,
    51.28,
    51.8,
    52.3,
    52.82,
    53.34,
    53.86,
    54.38,
    54.88,
    55.4,
    55.92,
    56.44,
    56.94,
    57.46,
    57.98,
    58.5,
    59.0,
    59.52,
    60.02,
    60.54,
    61.04,
    61.56,
    62.08,
    62.58,
    63.08,
    63.6,
    64.1,
    64.62,
    65.12,
    65.62,
    66.12,
    66.62,
    67.14,
    67.66,
    68.16,
    68.66,
    69.16,
    69.7,
    70.2,
    70.7,
    71.24,
    71.74,
    72.26,
    72.76,
    73.28,
    73.8,
    74.32,
    74.8,
    75.32,
    75.84,
    76.34,
    76.82,
    77.34,
    77.88,
    78.38,
    78.88,
    79.4,
    79.92,
    80.42,
    80.9,
    81.42,
    81.94,
    82.44,
    82.94,
    83.46,
    83.96,
    84.48,
    84.96,
    85.48,
    86.0,
    86.5,
    87.0,
    87.52,
    88.02,
    88.52,
    89.0,
    89.52,
    90.04,
    90.56,
    91.06,
    91.58,
    92.08,
    92.6,
    93.12,
    93.66,
    94.18,
    94.68,
    95.18,
    95.7,
    96.2,
    96.72,
    97.22,
    97.74,
    98.26,
    98.76,
    99.26,
    99.76,
    100.28,
    100.8,
    101.32,
    101.82,
    102.34,
    102.86,
    103.38,
    103.88,
    104.42,
    104.94,
    105.46,
    105.98,
    106.5,
    107.02,
    107.54,
    108.04,
    108.56,
    109.08,
    109.6,
    110.12,
    110.62,
    111.14,
    111.66,
    112.18,
    112.7,
    113.2,
    113.74,
    114.24,
    114.76,
    115.28,
    115.8,
    116.32,
    116.84,
    117.36,
    117.9,
    118.42,
    118.94,
    119.46,
    119.98,
    120.5,
    121.02,
    121.52,
    122.04,
    122.56,
    123.06,
    123.58,
    124.1,
    124.64,
    125.16,
    125.68,
    126.2,
    126.72,
    127.22,
    127.74,
    128.26,
    128.76,
    129.28,
    129.8,
    130.32,
    130.82,
    131.34,
    131.86,
    132.38,
    132.88,
    133.4,
    133.9,
    134.42,
    134.92,
    135.42,
    135.94,
    136.44,
    136.94,
    137.44,
    137.96,
    138.46,
    138.96,
    139.46,
    139.96,
    140.44,
    140.96,
    141.48,
    141.98,
    142.48,
    143.0,
    143.52,
    144.04,
    144.54,
    145.06,
    145.58,
    146.08,
    146.58,
    147.08,
    147.6,
    148.12,
    148.62,
    149.14,
    149.66,
    150.16,
    150.66,
    151.18,
    151.7,
    152.2,
    152.7,
    153.22,
    153.72,
    154.24,
    154.72,
    155.24,
    155.76,
    156.26,
    156.76,
    157.28,
    157.78,
    158.28,
    158.78,
    159.3,
    159.8,
    160.3,
    160.8,
    161.32,
    161.82,
    162.32,
    162.8,
    163.32,
    163.82,
    164.34,
    164.84,
    165.36,
    165.86,
    166.36,
    166.9,
    167.4,
    167.92,
    168.42,
    168.92,
    169.42,
    169.92,
    170.44,
    170.94,
    171.46,
    171.96,
    172.46,
    172.96,
    173.48,
    173.98,
    174.48,
    174.98,
    175.5,
    176.0,
    176.5,
    176.98,
    177.5,
    178.02,
    178.52,
    179.02,
    179.52,
    180.02,
    180.52,
    181.02,
    181.54,
    182.04,
    182.54,
    183.04,
    183.54,
    184.06,
    184.56,
    185.06,
    185.58,
    186.1,
    186.6,
    187.08,
    187.6,
    188.12,
    188.62,
    189.1,
    189.6,
    190.12,
    190.62,
    191.12,
    191.62,
    192.14,
    192.64,
    193.14,
    193.66,
    194.16,
    194.68,
    195.16,
    195.68,
    196.2,
    196.7,
    197.2,
    197.72,
    198.24,
    198.74,
    199.24,
    199.76,
    200.28,
    200.78,
    201.28,
    201.8,
    202.3,
    202.82,
    203.3,
    203.82,
    204.34,
    204.86,
    205.34,
    205.86,
    206.36,
    206.88,
    207.38,
    207.9,
    208.42,
    208.94,
    209.44,
    209.96,
    210.48,
    210.98,
    211.5,
    212.02,
    212.54,
    213.04,
    213.56,
    214.06,
    214.58,
    215.1,
    215.62,
    216.12,
    216.64,
    217.16,
    217.68,
    218.18,
    218.7,
    219.2,
    219.74,
    220.24,
    220.76,
    221.28,
    221.78,
    222.3,
    222.82,
    223.34,
    223.84,
    224.36,
    224.86,
    225.38,
    225.9,
    226.4,
    226.92,
    227.44,
    227.96,
    228.46,
    228.98,
    229.5,
    230.02,
    230.54,
    231.04,
    231.56,
    232.06,
    232.58,
    233.1,
    233.6,
    234.12,
    234.62,
    235.14,
    235.66,
    236.16,
    236.66,
    237.18,
    237.68,
    238.18,
    238.7,
    239.2,
    239.7,
    240.22,
    240.72,
    241.22,
    241.72,
    242.24,
    242.74,
    243.24,
    243.74,
    244.26,
    244.76,
    245.24,
    245.74,
    246.24,
    246.74,
    247.26,
    247.76,
    248.26,
    248.78,
    249.3,
    249.8,
    250.3,
    250.8,
    251.32,
    251.82,
    252.3,
    252.82,
    253.32,
    253.82,
    254.32,
    254.84,
    255.34,
    255.86,
    256.36,
    256.86,
    257.38,
    257.88,
    258.38,
    258.88,
    259.4,
    259.92,
    260.4,
    260.9,
    261.42,
    261.92,
    262.42,
    262.92,
    263.44,
    263.94,
    264.42,
    264.92,
    265.42,
    265.92,
    266.4,
    266.92,
    267.42,
    267.92,
    268.42,
    268.92,
    269.44,
    269.92,
    270.42,
    270.94,
    271.46,
    271.96,
    272.46,
    272.98,
    273.5,
    274.0,
    274.52,
    275.04,
    275.56,
    276.06,
    276.56,
    277.08,
    277.6,
    278.1,
    278.6,
    279.12,
    279.64,
    280.14,
    280.66,
    281.16,
    281.68,
    282.18,
    282.68,
    283.2,
    283.7,
    284.22,
    284.7,
    285.22,
    285.74,
    286.24,
    286.74,
    287.26,
    287.78,
    288.28,
    288.78,
    289.28,
    289.8
  ],